UPN,UPN_Count,Authentication and Access Anomalies,Impersonation and Phishing,Threats and Malicious Activity,File and Search Activity,Linear Regression Predictions,MLP Regressor Predictions
sureshp@contoso.com,111,0,1,110,0,0.997,0.997
chenthamil.krishnasamyperumal@contoso.com,107,0,0,107,0,0.996,0.996
city@contoso.com,80,0,0,80,0,0.995,0.995
ganesh@contoso.com,28,0,0,28,0,0.994,0.994
invent@contoso.com,25,0,0,25,0,0.993,0.993
plant2@contoso.com,25,0,0,25,0,0.993,0.993
cs@contoso.com,15,0,0,15,0,0.992,0.992
vikram@contoso.com,14,0,0,14,0,0.991,0.991
suresh.subramani@contoso.com,10,0,0,10,0,0.9362941176470592,0.9358151087760925
chandru.manoharan@contoso.com,9,0,4,5,0,0.9010000000000006,0.8642834553718567
plant1.itfms@contoso.com,9,0,4,5,0,0.9010000000000006,0.8642834553718567
anil.singh@contoso.com,8,0,0,8,0,0.8892352941176472,0.8903630504608154
chithiraiselvi.rajan@pricolasia.com,8,0,0,8,0,0.8892352941176472,0.8903630504608154
thamizhanban@contoso.com,8,0,1,7,0,0.8862941176470591,0.8551780114173889
vijay.desai@contoso.com,7,0,0,7,0,0.8657058823529413,0.8676368126869202
vanithamohan@contoso.com,7,0,2,5,0,0.859823529411765,0.8672012219429016
arun.rajagopal@pricolasia.com,6,0,0,6,0,0.8421764705882354,0.8409585485458374
nopit@projectinquiry.pw,6,0,0,6,0,0.8421764705882354,0.8409585485458374
ramanathan.jayakumar@pricolasia.com,6,0,0,6,0,0.8421764705882354,0.8409585485458374
ashwani.dhiman@contoso.com,5,0,0,5,0,0.8186470588235294,0.8170712122917175
chenthamil.krishnasamyperumal@contoso.com;city@contoso.com,5,0,0,5,0,0.8186470588235294,0.8170712122917175
info@contoso.com,5,0,0,5,0,0.8186470588235294,0.8170712122917175
investor@contoso.com,5,0,0,5,0,0.8186470588235294,0.8170712122917175
kowsikan.rathinasamy@contoso.com,5,0,0,5,0,0.8186470588235294,0.8170712122917175
rajagopal@contoso.com,5,0,0,5,0,0.8186470588235294,0.8170712122917175
ramkumar.somasundaram@contoso.com,5,0,0,5,0,0.8186470588235294,0.8170712122917175
vigneshkumar.thanikasalam@pricolasia.com,5,0,0,5,0,0.8186470588235294,0.8170712122917175
udhay@contoso.com,5,0,5,0,0,0.8039411764705887,0.8014608154296875
aditya.sahasrabudhe@contoso.com,4,0,0,4,0,0.7951176470588235,0.7969374189376831
billsreceivable@contoso.com,4,0,0,4,0,0.7951176470588235,0.7969374189376831
christopherjabarajd@contoso.com,4,0,0,4,0,0.7951176470588235,0.7969374189376831
hariharan.tamilarasu@contoso.com,4,0,0,4,0,0.7951176470588235,0.7969374189376831
ippl@ipplbd.com,4,0,0,4,0,0.7951176470588235,0.7969374189376831
jos@contoso.com,4,0,0,4,0,0.7951176470588235,0.7969374189376831
liboffice@contoso.com,4,0,0,4,0,0.7951176470588235,0.7969374189376831
parameswaranar@contoso.com,4,0,0,4,0,0.7951176470588235,0.7969374189376831
rajanrk@contoso.com,4,0,0,4,0,0.7951176470588235,0.7969374189376831
sivasakthi.murugesan@contoso.com,4,0,0,4,0,0.7951176470588235,0.7969374189376831
somasundaramn@contoso.com,4,0,0,4,0,0.7951176470588235,0.7969374189376831
sriram.rajagopalan@contoso.com,4,0,0,4,0,0.7951176470588235,0.7969374189376831
vinod.vijayaraghavan@contoso.com,4,0,0,4,0,0.7951176470588235,0.7969374189376831
selvarajk@contoso.com,4,0,1,3,0,0.7921764705882354,0.8069256672859192
arulsakthivel.gopalan@contoso.com,4,0,2,2,0,0.7892352941176471,0.7948401103019714
dalbiryadav@contoso.com,4,0,2,2,0,0.7892352941176471,0.7948401103019714
ajay.singh@contoso.com,3,0,0,3,0,0.7715882352941176,0.7711385021209717
ajit.singh@contoso.com,3,0,0,3,0,0.7715882352941176,0.7711385021209717
amit2.jadhav@contoso.com,3,0,0,3,0,0.7715882352941176,0.7711385021209717
antonyja@contoso.com,3,0,0,3,0,0.7715882352941176,0.7711385021209717
brennan@toryrust.com,3,0,0,3,0,0.7715882352941176,0.7711385021209717
chandan.kumar@infocubesolution.com,3,0,0,3,0,0.7715882352941176,0.7711385021209717
dhamodharan.kesavan@contoso.com,3,0,0,3,0,0.7715882352941176,0.7711385021209717
fay@lopoto.ga,3,0,0,3,0,0.7715882352941176,0.7711385021209717
hariharan.sundararajan@contoso.com,3,0,0,3,0,0.7715882352941176,0.7711385021209717
mohmmdyunus@contoso.com,3,0,0,3,0,0.7715882352941176,0.7711385021209717
pradeep.vijayan@contoso.com,3,0,0,3,0,0.7715882352941176,0.7711385021209717
rajiv.saxena@contoso.com,3,0,0,3,0,0.7715882352941176,0.7711385021209717
ramaraj.govindaraj@contoso.com,3,0,0,3,0,0.7715882352941176,0.7711385021209717
ramathilak@contoso.com,3,0,0,3,0,0.7715882352941176,0.7711385021209717
sandeep@contoso.com,3,0,0,3,0,0.7715882352941176,0.7711385021209717
siddharth.manoharan@contoso.com,3,0,0,3,0,0.7715882352941176,0.7711385021209717
sneha.devan@contoso.com,3,0,0,3,0,0.7715882352941176,0.7711385021209717
sudarshan.sridhar@contoso.com,3,0,0,3,0,0.7715882352941176,0.7711385021209717
suresh.adhikari@tatamotors.com,3,0,0,3,0,0.7715882352941176,0.7711385021209717
sureshkumars@contoso.com,3,0,0,3,0,0.7715882352941176,0.7711385021209717
vjmohan@contoso.com,3,0,1,2,0,0.7686470588235293,0.7786632905006409
sathyase@contoso.com,3,0,2,1,0,0.7657058823529412,0.7720549235343933
abby@fewell.cf,2,0,0,2,0,0.7480588235294117,0.7479321489334106
admin.itax2@kra.go.ke,2,0,0,2,0,0.7480588235294117,0.7479321489334106
ajayraghav@contoso.com,2,0,0,2,0,0.7480588235294117,0.7479321489334106
amit.waghmare@contoso.com,2,0,0,2,0,0.7480588235294117,0.7479321489334106
anandan.palanisamy@contoso.com,2,0,0,2,0,0.7480588235294117,0.7479321489334106
ankurrohilla@contoso.com,2,0,0,2,0,0.7480588235294117,0.7479321489334106
arunkumar.sekar@contoso.com,2,0,0,2,0,0.7480588235294117,0.7479321489334106
ashishsrivastava@contoso.com,2,0,0,2,0,0.7480588235294117,0.7479321489334106
chandramohanr@contoso.com,2,0,0,2,0,0.7480588235294117,0.7479321489334106
coordinator@pricolasia.com,2,0,0,2,0,0.7480588235294117,0.7479321489334106
customerservice@citibank.com,2,0,0,2,0,0.7480588235294117,0.7479321489334106
deepak.jangra@contoso.com,2,0,0,2,0,0.7480588235294117,0.7479321489334106
deepak.kaswa@contoso.com,2,0,0,2,0,0.7480588235294117,0.7479321489334106
devender.kumar@contoso.com,2,0,0,2,0,0.7480588235294117,0.7479321489334106
devprakash@contoso.com,2,0,0,2,0,0.7480588235294117,0.7479321489334106
dhanagopal.devaraj@contoso.com,2,0,0,2,0,0.7480588235294117,0.7479321489334106
dhanesh.joshi@contoso.com,2,0,0,2,0,0.7480588235294117,0.7479321489334106
dheerendra.kumar@contoso.com,2,0,0,2,0,0.7480588235294117,0.7479321489334106
ganesan.rajen@contoso.com,2,0,0,2,0,0.7480588235294117,0.7479321489334106
gokulraj.ponnusamy@contoso.com,2,0,0,2,0,0.7480588235294117,0.7479321489334106
gst@contoso.com,2,0,0,2,0,0.7480588235294117,0.7479321489334106
guruprasad.rajendran@contoso.com,2,0,0,2,0,0.7480588235294117,0.7479321489334106
harishkumar.hooda@contoso.com,2,0,0,2,0,0.7480588235294117,0.7479321489334106
karthick.muniyappan@contoso.com,2,0,0,2,0,0.7480588235294117,0.7479321489334106
karthick.sankaran@contoso.com;subbu@contoso.com,2,0,0,2,0,0.7480588235294117,0.7479321489334106
karthik.bhojan@contoso.com,2,0,0,2,0,0.7480588235294117,0.7479321489334106
kishorekumar.andrews@contoso.com,2,0,0,2,0,0.7480588235294117,0.7479321489334106
kuppusamys@contoso.com,2,0,0,2,0,0.7480588235294117,0.7479321489334106
libmcs@contoso.com,2,0,0,2,0,0.7480588235294117,0.7479321489334106
manikandan.rajamani@contoso.com,2,0,0,2,0,0.7480588235294117,0.7479321489334106
maruthachalam.palaniappan@contoso.com,2,0,0,2,0,0.7480588235294117,0.7479321489334106
mohanraj.muthuswamy@contoso.com,2,0,0,2,0,0.7480588235294117,0.7479321489334106
murali.ranganathan@contoso.com,2,0,0,2,0,0.7480588235294117,0.7479321489334106
nishanth.vasanthan@contoso.com,2,0,0,2,0,0.7480588235294117,0.7479321489334106
pasupathy.ramadas@contoso.com,2,0,0,2,0,0.7480588235294117,0.7479321489334106
patsorn@stone-icon.com,2,0,0,2,0,0.7480588235294117,0.7479321489334106
plant3fr@contoso.com,2,0,0,2,0,0.7480588235294117,0.7479321489334106
plant7@contoso.com,2,0,0,2,0,0.7480588235294117,0.7479321489334106
prabhu.nandhi@contoso.com,2,0,0,2,0,0.7480588235294117,0.7479321489334106
rajasekaran.mohanakrishnan@contoso.com,2,0,0,2,0,0.7480588235294117,0.7479321489334106
rajivgandhi.venugopal@contoso.com,2,0,0,2,0,0.7480588235294117,0.7479321489334106
ramesh.desingh@contoso.com,2,0,0,2,0,0.7480588235294117,0.7479321489334106
ramkumar.ramasamy@contoso.com,2,0,0,2,0,0.7480588235294117,0.7479321489334106
ravikumar.rathinavelu@contoso.com,2,0,0,2,0,0.7480588235294117,0.7479321489334106
rodrigo.nunes@contoso.com,2,0,0,2,0,0.7480588235294117,0.7479321489334106
sakthivel.venkatachalam@pricolasia.com,2,0,0,2,0,0.7480588235294117,0.7479321489334106
sale@snaptv.me,2,0,0,2,0,0.7480588235294117,0.7479321489334106
sales@jindaqiye.com.cn,2,0,0,2,0,0.7480588235294117,0.7479321489334106
salescoordinator@pricolasia.com,2,0,0,2,0,0.7480588235294117,0.7479321489334106
saran.karthi@postiefs.com,2,0,0,2,0,0.7480588235294117,0.7479321489334106
saravanakumar.ranganathan@contoso.com,2,0,0,2,0,0.7480588235294117,0.7479321489334106
saravanan.devaraj@contoso.com,2,0,0,2,0,0.7480588235294117,0.7479321489334106
sathyaseelan.duraisamy@contoso.com,2,0,0,2,0,0.7480588235294117,0.7479321489334106
selma@egljkt.com,2,0,0,2,0,0.7480588235294117,0.7479321489334106
shailendrajha@contoso.com,2,0,0,2,0,0.7480588235294117,0.7479321489334106
shyamsundar.b@contoso.com,2,0,0,2,0,0.7480588235294117,0.7479321489334106
sivakumar.viswanathan@contoso.com,2,0,0,2,0,0.7480588235294117,0.7479321489334106
sougata.dey@contoso.com,2,0,0,2,0,0.7480588235294117,0.7479321489334106
sridevip@contoso.com,2,0,0,2,0,0.7480588235294117,0.7479321489334106
srinivasan.raghavan@contoso.com,2,0,0,2,0,0.7480588235294117,0.7479321489334106
srinivasan.sampath@contoso.com,2,0,0,2,0,0.7480588235294117,0.7479321489334106
sriram.gopalakrishnan@contoso.com,2,0,0,2,0,0.7480588235294117,0.7479321489334106
subramani.rajkumar@contoso.com,2,0,0,2,0,0.7480588235294117,0.7479321489334106
sugunaj@contoso.com,2,0,0,2,0,0.7480588235294117,0.7479321489334106
support@contoso.com,2,0,0,2,0,0.7480588235294117,0.7479321489334106
support@dhl.com,2,0,0,2,0,0.7480588235294117,0.7479321489334106
suresh.mariappan@contoso.com,2,0,0,2,0,0.7480588235294117,0.7479321489334106
tarun@contoso.com,2,0,0,2,0,0.7480588235294117,0.7479321489334106
tejpalsaini@contoso.com,2,0,0,2,0,0.7480588235294117,0.7479321489334106
tvs_bd@contoso.com,2,0,0,2,0,0.7480588235294117,0.7479321489334106
vairamanikandan.ponniah@contoso.com,2,0,0,2,0,0.7480588235294117,0.7479321489334106
vendorsupport@contoso.com,2,0,0,2,0,0.7480588235294117,0.7479321489334106
vigneshbabu.kuppusamy@contoso.com,2,0,0,2,0,0.7480588235294117,0.7479321489334106
vinayakar.ponnaiah@contoso.com,2,0,0,2,0,0.7480588235294117,0.7479321489334106
vivek.sharma@contoso.com,2,0,0,2,0,0.7480588235294117,0.7479321489334106
pravin@contoso.com,2,0,1,1,0,0.7451176470588234,0.7385131845474243
balajiv@contoso.com,2,0,2,0,0,0.7421764705882353,0.742847574710846
namasivayam.jaganathan@contoso.com,2,0,2,0,0,0.7421764705882353,0.742847574710846
prabhu.nandhi@contoso.com;tvs_bd@contoso.com,2,0,2,0,0,0.7421764705882353,0.742847574710846
sridharj@contoso.com,2,0,2,0,0,0.7421764705882353,0.742847574710846
varadharajans@contoso.com;travel.support@contoso.com,2,0,2,0,0,0.7421764705882353,0.742847574710846
yuvaraja.kumar@contoso.com,1,0,0,1,0,0.7245294117647056,0.7245532999038696
Account@luckydolphin.com,1,0,0,1,0,0.7245294117647056,0.7245532402992249
Maerskshipping@bluehost.com,1,0,0,1,0,0.7245294117647056,0.7245532402992249
ahamed.marzuk@contoso.com;vimala.bharathi@contoso.com;mohankumar.rangaraj@contoso.com;ramkumar.somasundaram@contoso.com;suresh.mariappan@contoso.com,1,0,0,1,0,0.7245294117647056,0.7245532402992249
akanksha.rathi@contoso.com,1,0,0,1,0,0.7245294117647056,0.7245532402992249
amit.dixit@contoso.com,1,0,0,1,0,0.7245294117647056,0.7245532402992249
ana.itzcoalt@pricol.mx,1,0,0,1,0,0.7245294117647056,0.7245532402992249
andy@nibrema.com,1,0,0,1,0,0.7245294117647056,0.7245532402992249
angelica.montoya@pricol.mx,1,0,0,1,0,0.7245294117647056,0.7245532402992249
aravind.murugesan@contoso.com,1,0,0,1,0,0.7245294117647056,0.7245532402992249
arvind.bhuvad@contoso.com,1,0,0,1,0,0.7245294117647056,0.7245532402992249
babu.rajendraprasad@pricolsurya.co.id,1,0,0,1,0,0.7245294117647056,0.7245532402992249
balasubramanian.duraisamy@contoso.com,1,0,0,1,0,0.7245294117647056,0.7245532402992249
bharathiraja.thanikachalam@contoso.com,1,0,0,1,0,0.7245294117647056,0.7245532402992249
chandru.manoharan@contoso.com;ramkumar.ramasamy@contoso.com,1,0,0,1,0,0.7245294117647056,0.7245532402992249
christopher.david@contoso.com,1,0,0,1,0,0.7245294117647056,0.7245532402992249
christopherjabarajd@contoso.com;guruprasad.rajendran@contoso.com;mohan.sivaraj@contoso.com;satishkumar.rangasamy@contoso.com;saravanan.mohan@contoso.com;kowsikan.rathinasamy@contoso.com,1,0,0,1,0,0.7245294117647056,0.7245532402992249
city@contoso.com;chenthamil.krishnasamyperumal@contoso.com,1,0,0,1,0,0.7245294117647056,0.7245532402992249
contact@sarnwootes.com,1,0,0,1,0,0.7245294117647056,0.7245532402992249
deepakbist@contoso.com,1,0,0,1,0,0.7245294117647056,0.7245532402992249
deepakdhoundiyal@contoso.com;deepakbist@contoso.com;dheerendralohani@contoso.com,1,0,0,1,0,0.7245294117647056,0.7245532402992249
devaraj.balakrishnan@contoso.com,1,0,0,1,0,0.7245294117647056,0.7245532402992249
donotreply@m-sytemg.site,1,0,0,1,0,0.7245294117647056,0.7245532402992249
eblin.nesayyan@contoso.com,1,0,0,1,0,0.7245294117647056,0.7245532402992249
farayi.zvavamwe@seedcogroup.com,1,0,0,1,0,0.7245294117647056,0.7245532402992249
girish.singh@contoso.com,1,0,0,1,0,0.7245294117647056,0.7245532402992249
gowthaman.palaniswamy@contoso.com,1,0,0,1,0,0.7245294117647056,0.7245532402992249
gupta.svb@contoso.com,1,0,0,1,0,0.7245294117647056,0.7245532402992249
hamsarani.sathyanarayanan@contoso.com,1,0,0,1,0,0.7245294117647056,0.7245532402992249
hanmant.bhise@contoso.com,1,0,0,1,0,0.7245294117647056,0.7245532402992249
hcardoso@pricol.com.br,1,0,0,1,0,0.7245294117647056,0.7245532402992249
hemant.singh@contoso.com,1,0,0,1,0,0.7245294117647056,0.7245532402992249
hirandharan@contoso.com,1,0,0,1,0,0.7245294117647056,0.7245532402992249
hooda.harish72@gmail.com,1,0,0,1,0,0.7245294117647056,0.7245532402992249
hsr@colbd.net,1,0,0,1,0,0.7245294117647056,0.7245532402992249
info@bhati.ml,1,0,0,1,0,0.7245294117647056,0.7245532402992249
iraahuja@contoso.com,1,0,0,1,0,0.7245294117647056,0.7245532402992249
jeeva.vellaisamy@contoso.com,1,0,0,1,0,0.7245294117647056,0.7245532402992249
jude.arulnathan@contoso.com,1,0,0,1,0,0.7245294117647056,0.7245532402992249
kalaiselvan.avidaikkutty@contoso.com,1,0,0,1,0,0.7245294117647056,0.7245532402992249
kalaiselvan.avidaikkutty@contoso.com;vinodkumar.rajendran@contoso.com,1,0,0,1,0,0.7245294117647056,0.7245532402992249
karthik.bhojan@contoso.com;plant1.itfms@contoso.com,1,0,0,1,0,0.7245294117647056,0.7245532402992249
karthika.v@contoso.com,1,0,0,1,0,0.7245294117647056,0.7245532402992249
karthikeyan.palanisamy@contoso.com,1,0,0,1,0,0.7245294117647056,0.7245532402992249
karthikeyan.sampathkumar@contoso.com,1,0,0,1,0,0.7245294117647056,0.7245532402992249
lalit.mohan@contoso.com,1,0,0,1,0,0.7245294117647056,0.7245532402992249
lalit.mohan@contoso.com;kaushlendrasingh@contoso.com,1,0,0,1,0,0.7245294117647056,0.7245532402992249
lib-finance@contoso.com,1,0,0,1,0,0.7245294117647056,0.7245532402992249
libpurchase@contoso.com,1,0,0,1,0,0.7245294117647056,0.7245532402992249
magesh.subramanian@contoso.com,1,0,0,1,0,0.7245294117647056,0.7245532402992249
mahendran.krishnasamy@contoso.com,1,0,0,1,0,0.7245294117647056,0.7245532402992249
mahendran.krishnasamy@contoso.com;manishnangia@contoso.com,1,0,0,1,0,0.7245294117647056,0.7245532402992249
malarvalan@gmail.com,1,0,0,1,0,0.7245294117647056,0.7245532402992249
manikandan.sethuraajan@contoso.com,1,0,0,1,0,0.7245294117647056,0.7245532402992249
mansoorahamed.musthafa@contoso.com,1,0,0,1,0,0.7245294117647056,0.7245532402992249
mohan.krishnan@contoso.com,1,0,0,1,0,0.7245294117647056,0.7245532402992249
mukeshkumar.nagalingam@pricolasia.com;vigneshkumar.thanikasalam@pricolasia.com,1,0,0,1,0,0.7245294117647056,0.7245532402992249
munichamy.gurusamy@contoso.com,1,0,0,1,0,0.7245294117647056,0.7245532402992249
murugesan.velayutham@contoso.com,1,0,0,1,0,0.7245294117647056,0.7245532402992249
muthukumar.vellingiri@contoso.com,1,0,0,1,0,0.7245294117647056,0.7245532402992249
naveenkumar.r@contoso.com,1,0,0,1,0,0.7245294117647056,0.7245532402992249
nilton.resende@pricol.com.br,1,0,0,1,0,0.7245294117647056,0.7245532402992249
no-reply@dbmailer.pw,1,0,0,1,0,0.7245294117647056,0.7245532402992249
noreply@wetransfer.com,1,0,0,1,0,0.7245294117647056,0.7245532402992249
operationexcellent-1@pricolsurya.co.id,1,0,0,1,0,0.7245294117647056,0.7245532402992249
p3gatecontrol@contoso.com,1,0,0,1,0,0.7245294117647056,0.7245532402992249
partheeban.mariaxavier@contoso.com,1,0,0,1,0,0.7245294117647056,0.7245532402992249
prabhakaran.sundarapandian@contoso.com,1,0,0,1,0,0.7245294117647056,0.7245532402992249
prabu.subramanian@contoso.com,1,0,0,1,0,0.7245294117647056,0.7245532402992249
prakash.ponnusamy@contoso.com,1,0,0,1,0,0.7245294117647056,0.7245532402992249
premramesh.sk@contoso.com,1,0,0,1,0,0.7245294117647056,0.7245532402992249
ptyagi@contoso.com,1,0,0,1,0,0.7245294117647056,0.7245532402992249
qe-giipumps@contoso.com,1,0,0,1,0,0.7245294117647056,0.7245532402992249
radheeshbabu@contoso.com,1,0,0,1,0,0.7245294117647056,0.7245532402992249
rajagopalan.ponnusamy@contoso.com,1,0,0,1,0,0.7245294117647056,0.7245532402992249
rajendran.rangaraju@contoso.com;ravi.balasubramaniam@contoso.com,1,0,0,1,0,0.7245294117647056,0.7245532402992249
rajeshwari.gopal@contoso.com,1,0,0,1,0,0.7245294117647056,0.7245532402992249
rakesh.sharma@contoso.com,1,0,0,1,0,0.7245294117647056,0.7245532402992249
ramasubramania.raja@contoso.com,1,0,0,1,0,0.7245294117647056,0.7245532402992249
sachin.tyagi@contoso.com,1,0,0,1,0,0.7245294117647056,0.7245532402992249
sadham.jahir@contoso.com,1,0,0,1,0,0.7245294117647056,0.7245532402992249
saleemrajaa@contoso.com,1,0,0,1,0,0.7245294117647056,0.7245532402992249
sampat.gunjawate@contoso.com,1,0,0,1,0,0.7245294117647056,0.7245532402992249
sampathkumar.g@contoso.com,1,0,0,1,0,0.7245294117647056,0.7245532402992249
sampathkumar.ganesan@contoso.com,1,0,0,1,0,0.7245294117647056,0.7245532402992249
sampathkumar.natarajan@contoso.com;praveenraj.senthilkumar@contoso.com,1,0,0,1,0,0.7245294117647056,0.7245532402992249
sampathv@contoso.com,1,0,0,1,0,0.7245294117647056,0.7245532402992249
sanat@contoso.com,1,0,0,1,0,0.7245294117647056,0.7245532402992249
sandeep.joshi@contoso.com,1,0,0,1,0,0.7245294117647056,0.7245532402992249
sangram.jadhav@contoso.com,1,0,0,1,0,0.7245294117647056,0.7245532402992249
sanjeev.kumar@contoso.com,1,0,0,1,0,0.7245294117647056,0.7245532402992249
sanjeevgaur@contoso.com,1,0,0,1,0,0.7245294117647056,0.7245532402992249
santhosh.venkatesan@contoso.com,1,0,0,1,0,0.7245294117647056,0.7245532402992249
santhoshkumar.thiyagarajan@contoso.com,1,0,0,1,0,0.7245294117647056,0.7245532402992249
saravanaa.ramasamy@contoso.com,1,0,0,1,0,0.7245294117647056,0.7245532402992249
sarfaraj.ahamad@contoso.com,1,0,0,1,0,0.7245294117647056,0.7245532402992249
satheesh.palanisamy@contoso.com,1,0,0,1,0,0.7245294117647056,0.7245532402992249
sathiyanarayanan.muthukrishnan@contoso.com,1,0,0,1,0,0.7245294117647056,0.7245532402992249
sathyaseeland@contoso.com,1,0,0,1,0,0.7245294117647056,0.7245532402992249
satishkumar.nanjundan@contoso.com,1,0,0,1,0,0.7245294117647056,0.7245532402992249
senthilmurugank@contoso.com,1,0,0,1,0,0.7245294117647056,0.7245532402992249
senthilnathan.pachamuthu@contoso.com,1,0,0,1,0,0.7245294117647056,0.7245532402992249
senthilrpde@contoso.com,1,0,0,1,0,0.7245294117647056,0.7245532402992249
shivrajtupe@contoso.com,1,0,0,1,0,0.7245294117647056,0.7245532402992249
shripad.kalamdane@contoso.com,1,0,0,1,0,0.7245294117647056,0.7245532402992249
sivasankarankv@contoso.com,1,0,0,1,0,0.7245294117647056,0.7245532402992249
snehasish.tripathy@contoso.com,1,0,0,1,0,0.7245294117647056,0.7245532402992249
soundappan.arumugam@contoso.com,1,0,0,1,0,0.7245294117647056,0.7245532402992249
spindlemanufacturingshop@contoso.com,1,0,0,1,0,0.7245294117647056,0.7245532402992249
srikanth.ramabadran@contoso.com,1,0,0,1,0,0.7245294117647056,0.7245532402992249
srikanth.veerappan@contoso.com,1,0,0,1,0,0.7245294117647056,0.7245532402992249
sriram.boopathy@contoso.com,1,0,0,1,0,0.7245294117647056,0.7245532402992249
subhash.chikane@contoso.com,1,0,0,1,0,0.7245294117647056,0.7245532402992249
sudhakars@contoso.com,1,0,0,1,0,0.7245294117647056,0.7245532402992249
sugumar.vijayakumar@contoso.com,1,0,0,1,0,0.7245294117647056,0.7245532402992249
sundar.selvaraj@contoso.com,1,0,0,1,0,0.7245294117647056,0.7245532402992249
sundaresan.puranam@contoso.com,1,0,0,1,0,0.7245294117647056,0.7245532402992249
suresh.rajendran@contoso.com,1,0,0,1,0,0.7245294117647056,0.7245532402992249
sureshkumar.rangasamy@contoso.com,1,0,0,1,0,0.7245294117647056,0.7245532402992249
suresht@contoso.com,1,0,0,1,0,0.7245294117647056,0.7245532402992249
suriyakumar.munisamy@contoso.com,1,0,0,1,0,0.7245294117647056,0.7245532402992249
sv_plastics@yahoo.com;info@svplastics.com;arulsvp@gmai.com,1,0,0,1,0,0.7245294117647056,0.7245532402992249
t-kawaguchi@comcell.co.jp,1,0,0,1,0,0.7245294117647056,0.7245532402992249
thangapandian.pandian@contoso.com,1,0,0,1,0,0.7245294117647056,0.7245532402992249
thirunavukkarasu.periyasamy@contoso.com,1,0,0,1,0,0.7245294117647056,0.7245532402992249
velusamytp@contoso.com,1,0,0,1,0,0.7245294117647056,0.7245532402992249
vijayakumar.subramanian@pricolasia.com,1,0,0,1,0,0.7245294117647056,0.7245532402992249
vikram@pricol.com,1,0,0,1,0,0.7245294117647056,0.7245532402992249
vinod@contoso.com,1,0,0,1,0,0.7245294117647056,0.7245532402992249
vinodkumar.rajendran@contoso.com,1,0,0,1,0,0.7245294117647056,0.7245532402992249
vinodkumars@contoso.com,1,0,0,1,0,0.7245294117647056,0.7245532402992249
vishwapal.pawar@contoso.com;satishkumar.rangasamy@contoso.com;vt.doraiarasu@contoso.com;suryakant.dash@contoso.com;venkidupathi.balakrishnan@contoso.com;prem.sharma@contoso.com,1,0,0,1,0,0.7245294117647056,0.7245532402992249
visveshvarenms@contoso.com,1,0,0,1,0,0.7245294117647056,0.7245532402992249
yuvaraj.narayanaswamy@contoso.com,1,0,0,1,0,0.7245294117647056,0.7245532402992249
frontoffice@contoso.com,1,0,1,0,0,0.7215882352941175,0.721703661441803
prabhudev.vijayan@contoso.com,1,0,1,0,0,0.7215882352941175,0.721703661441803
rathinaraja.ayyamperumal@contoso.com,1,0,1,0,0,0.7215882352941175,0.721703661441803
vinodyadav@contoso.com,1,0,1,0,0,0.7215882352941175,0.721703661441803
